{
    "targets": {
        "swap": {}
    },
    "passes": [
        {
            "program": "minecraft:post/esp",
            "inputs": [
                {
                    "sampler_name": "In",
                    "target": "minecraft:entity_outline"
                }
            ],
            "output": "swap"
        },
        {
            "program": "minecraft:post/blit",
            "inputs": [
                {
                    "sampler_name": "In",
                    "target": "swap"
                }
            ],
            "output": "minecraft:entity_outline"
        }
    ]
}